Date,Open,High,Low,Close,Volume,Dividends,Stock Splits,MarketCap,Revenue_Growth,Earnings_Growth,ROE,Operating_Margins,Debt_To_Equity,Returns_1Y,Returns_2Y,Returns_3Y,Volume_MA50,Volume_Ratio,Volatility,Price_Level,Higher_Highs
2023-09-11 00:00:00+05:30,460.04998779296875,470.0,432.3500061035156,443.1499938964844,8038193,0.0,0.0,12971494400,-0.018,-0.56,,0.00899,10.225,,,,,,,,False
2023-09-12 00:00:00+05:30,460.0,470.0,443.0,446.8999938964844,1741556,0.0,0.0,12971494400,-0.018,-0.56,,0.00899,10.225,,,,,,,,False
2023-09-13 00:00:00+05:30,445.95001220703125,446.3999938964844,438.1000061035156,440.70001220703125,569909,0.0,0.0,12971494400,-0.018,-0.56,,0.00899,10.225,,,,,,,,False
2023-09-14 00:00:00+05:30,441.29998779296875,461.25,438.25,452.3500061035156,833291,0.0,0.0,12971494400,-0.018,-0.56,,0.00899,10.225,,,,,,,,False
2023-09-15 00:00:00+05:30,453.0,459.6499938964844,445.0,447.6000061035156,552330,0.0,0.0,12971494400,-0.018,-0.56,,0.00899,10.225,,,,,,,,False
2023-09-18 00:00:00+05:30,449.8999938964844,455.45001220703125,446.04998779296875,449.79998779296875,430272,0.0,0.0,12971494400,-0.018,-0.56,,0.00899,10.225,,,,,,,,False
2023-09-20 00:00:00+05:30,447.0,452.0,443.1499938964844,450.0,280871,0.0,0.0,12971494400,-0.018,-0.56,,0.00899,10.225,,,,,,,,False
2023-09-21 00:00:00+05:30,446.04998779296875,463.20001220703125,445.6000061035156,450.29998779296875,604081,0.0,0.0,12971494400,-0.018,-0.56,,0.00899,10.225,,,,,,,,False
2023-09-22 00:00:00+05:30,451.0,456.8999938964844,449.95001220703125,453.70001220703125,325411,0.0,0.0,12971494400,-0.018,-0.56,,0.00899,10.225,,,,,,,,False
2023-09-25 00:00:00+05:30,453.70001220703125,456.79998779296875,448.54998779296875,450.1000061035156,254486,0.0,0.0,12971494400,-0.018,-0.56,,0.00899,10.225,,,,,,,,False
2023-09-26 00:00:00+05:30,450.1000061035156,469.29998779296875,450.1000061035156,465.29998779296875,725632,0.0,0.0,12971494400,-0.018,-0.56,,0.00899,10.225,,,,,,,,False
2023-09-27 00:00:00+05:30,468.0,486.8999938964844,464.1499938964844,474.29998779296875,1338066,0.0,0.0,12971494400,-0.018,-0.56,,0.00899,10.225,,,,,,,,False
2023-09-28 00:00:00+05:30,478.70001220703125,490.1499938964844,477.79998779296875,482.54998779296875,491303,0.0,0.0,12971494400,-0.018,-0.56,,0.00899,10.225,,,,,,,,False
2023-09-29 00:00:00+05:30,490.0,518.0,485.8500061035156,503.3500061035156,1027606,0.0,0.0,12971494400,-0.018,-0.56,,0.00899,10.225,,,,,,,,False
2023-10-03 00:00:00+05:30,489.20001220703125,490.0,467.70001220703125,481.04998779296875,554968,0.0,0.0,12971494400,-0.018,-0.56,,0.00899,10.225,,,,,,,,False
2023-10-04 00:00:00+05:30,479.6499938964844,493.70001220703125,472.79998779296875,490.0,380215,0.0,0.0,12971494400,-0.018,-0.56,,0.00899,10.225,,,,,,,,False
2023-10-05 00:00:00+05:30,495.95001220703125,497.95001220703125,483.3999938964844,488.0,228425,0.0,0.0,12971494400,-0.018,-0.56,,0.00899,10.225,,,,,,,,False
2023-10-06 00:00:00+05:30,484.25,555.0,482.54998779296875,532.5999755859375,1624725,0.0,0.0,12971494400,-0.018,-0.56,,0.00899,10.225,,,,,,,,False
2023-10-09 00:00:00+05:30,526.4000244140625,541.7000122070312,508.5,526.9500122070312,615498,0.0,0.0,12971494400,-0.018,-0.56,,0.00899,10.225,,,,,,,,False
2023-10-10 00:00:00+05:30,533.7999877929688,538.0,524.7999877929688,529.75,174470,0.0,0.0,12971494400,-0.018,-0.56,,0.00899,10.225,,,,,,,,False
2023-10-11 00:00:00+05:30,533.7999877929688,536.0,513.7000122070312,520.3499755859375,189007,0.0,0.0,12971494400,-0.018,-0.56,,0.00899,10.225,,,,,,0.4401968354982383,,False
2023-10-12 00:00:00+05:30,523.9500122070312,528.7999877929688,516.0499877929688,526.0,146143,0.0,0.0,12971494400,-0.018,-0.56,,0.00899,10.225,,,,,,0.4402822054016872,,False
2023-10-13 00:00:00+05:30,525.0499877929688,532.9500122070312,514.7999877929688,518.5499877929688,108896,0.0,0.0,12971494400,-0.018,-0.56,,0.00899,10.225,,,,,,0.440479289957859,,False
2023-10-16 00:00:00+05:30,526.3499755859375,536.4000244140625,518.7999877929688,529.4000244140625,172988,0.0,0.0,12971494400,-0.018,-0.56,,0.00899,10.225,,,,,,0.437933787044215,,False
2023-10-17 00:00:00+05:30,534.0,545.0,521.2000122070312,524.7999877929688,145370,0.0,0.0,12971494400,-0.018,-0.56,,0.00899,10.225,,,,,,0.4369512922567456,,False
2023-10-18 00:00:00+05:30,525.0,538.0,520.5,523.3499755859375,121429,0.0,0.0,12971494400,-0.018,-0.56,,0.00899,10.225,,,,,,0.4385958883441034,,False
2023-10-19 00:00:00+05:30,522.3499755859375,534.4000244140625,515.0999755859375,519.4500122070312,102151,0.0,0.0,12971494400,-0.018,-0.56,,0.00899,10.225,,,,,,0.44127654908404673,,False
2023-10-20 00:00:00+05:30,522.0,526.2000122070312,501.1499938964844,509.8999938964844,69910,0.0,0.0,12971494400,-0.018,-0.56,,0.00899,10.225,,,,,,0.45031268896460724,,False
2023-10-23 00:00:00+05:30,509.8999938964844,512.9500122070312,466.75,468.8999938964844,201981,0.0,0.0,12971494400,-0.018,-0.56,,0.00899,10.225,,,,,,0.5459499081752004,,False
2023-10-25 00:00:00+05:30,470.04998779296875,485.6000061035156,454.1000061035156,456.70001220703125,130368,0.0,0.0,12971494400,-0.018,-0.56,,0.00899,10.225,,,,,,0.5541185446176847,,False
2023-10-26 00:00:00+05:30,452.04998779296875,488.0,442.1499938964844,461.0,459388,0.0,0.0,12971494400,-0.018,-0.56,,0.00899,10.225,,,,,,0.5417996079847484,,False
2023-10-27 00:00:00+05:30,468.0,482.0,468.0,473.1000061035156,118339,0.0,0.0,12971494400,-0.018,-0.56,,0.00899,10.225,,,,,,0.5455955253139916,,False
2023-10-30 00:00:00+05:30,475.95001220703125,482.0,467.0,477.1499938964844,61332,0.0,0.0,12971494400,-0.018,-0.56,,0.00899,10.225,,,,,,0.5428472126861893,,False
2023-10-31 00:00:00+05:30,479.8999938964844,483.79998779296875,472.0,474.95001220703125,203183,0.0,0.0,12971494400,-0.018,-0.56,,0.00899,10.225,,,,,,0.5184593830540116,,False
2023-11-01 00:00:00+05:30,476.0,489.95001220703125,467.1000061035156,471.8999938964844,122986,0.0,0.0,12971494400,-0.018,-0.56,,0.00899,10.225,,,,,,0.4947423389084218,,False
2023-11-02 00:00:00+05:30,472.0,476.45001220703125,465.8500061035156,471.45001220703125,57557,0.0,0.0,12971494400,-0.018,-0.56,,0.00899,10.225,,,,,,0.4895683289779441,,False
2023-11-03 00:00:00+05:30,476.29998779296875,477.0,465.8999938964844,469.45001220703125,37943,0.0,0.0,12971494400,-0.018,-0.56,,0.00899,10.225,,,,,,0.4895799829737153,,False
2023-11-06 00:00:00+05:30,472.8999938964844,495.0,471.29998779296875,492.70001220703125,115710,0.0,0.0,12971494400,-0.018,-0.56,,0.00899,10.225,,,,,,0.3982746011757419,,False
2023-11-07 00:00:00+05:30,485.29998779296875,492.0,482.29998779296875,484.29998779296875,43784,0.0,0.0,12971494400,-0.018,-0.56,,0.00899,10.225,,,,,,0.4004322382540446,,False
2023-11-08 00:00:00+05:30,488.8999938964844,497.8999938964844,483.6000061035156,488.75,66243,0.0,0.0,12971494400,-0.018,-0.56,,0.00899,10.225,,,,,,0.4018488615935504,,False
2023-11-09 00:00:00+05:30,491.70001220703125,493.0,480.04998779296875,481.70001220703125,47965,0.0,0.0,12971494400,-0.018,-0.56,,0.00899,10.225,,,,,,0.40048148343744694,,False
2023-11-10 00:00:00+05:30,485.0,488.70001220703125,476.79998779296875,483.3500061035156,36047,0.0,0.0,12971494400,-0.018,-0.56,,0.00899,10.225,,,,,,0.3977965930047127,,False
2023-11-13 00:00:00+05:30,543.0,545.5,519.0,526.9000244140625,274690,0.0,0.0,12971494400,-0.018,-0.56,,0.00899,10.225,,,,,,0.5165952132016972,,False
2023-11-15 00:00:00+05:30,538.5,539.25,518.0,520.4000244140625,127237,0.0,0.0,12971494400,-0.018,-0.56,,0.00899,10.225,,,,,,0.5133170699051216,,False
2023-11-16 00:00:00+05:30,522.0,532.7000122070312,512.9000244140625,520.25,135938,0.0,0.0,12971494400,-0.018,-0.56,,0.00899,10.225,,,,,,0.5123754006761768,,False
2023-11-17 00:00:00+05:30,527.5999755859375,527.5999755859375,506.8999938964844,509.8999938964844,118021,0.0,0.0,12971494400,-0.018,-0.56,,0.00899,10.225,,,,,,0.5172110342003903,,False
2023-11-20 00:00:00+05:30,519.0,528.0499877929688,514.7999877929688,516.25,190089,0.0,0.0,12971494400,-0.018,-0.56,,0.00899,10.225,,,,,,0.5186404126865231,,False
2023-11-21 00:00:00+05:30,520.0,524.0,509.3999938964844,516.2999877929688,163713,0.0,0.0,12971494400,-0.018,-0.56,,0.00899,10.225,,,,,,0.5139876043353897,,False
2023-11-22 00:00:00+05:30,521.4000244140625,521.4000244140625,494.20001220703125,501.29998779296875,163852,0.0,0.0,12971494400,-0.018,-0.56,,0.00899,10.225,,,,,,0.43168710721811865,,False
2023-11-23 00:00:00+05:30,505.0,519.9000244140625,505.0,509.8999938964844,120649,0.0,0.0,12971494400,-0.018,-0.56,,0.00899,10.225,,,,496884.34,0.24281103324769704,0.4193102891752489,,False
2023-11-24 00:00:00+05:30,509.6499938964844,520.0,509.6499938964844,516.0499877929688,122175,0.0,0.0,12971494400,-0.018,-0.56,,0.00899,10.225,,,,338563.98,0.3608623693518726,0.4197140941686773,,False
2023-11-28 00:00:00+05:30,516.9500122070312,538.0,514.0,516.25,275166,0.0,0.0,12971494400,-0.018,-0.56,,0.00899,10.225,,,,309236.18,0.8898247287882033,0.4131358499041281,,False
2023-11-29 00:00:00+05:30,518.5,520.2000122070312,507.70001220703125,514.7999877929688,113309,0.0,0.0,12971494400,-0.018,-0.56,,0.00899,10.225,,,,300104.18,0.3775655507364143,0.4136917144444422,,False
2023-11-30 00:00:00+05:30,518.5999755859375,528.1500244140625,511.25,523.0499877929688,247060,0.0,0.0,12971494400,-0.018,-0.56,,0.00899,10.225,,,,288379.56,0.856718139108056,0.41440296300725943,,False
2023-12-01 00:00:00+05:30,538.8499755859375,538.8499755859375,520.25,528.2000122070312,277943,0.0,0.0,12971494400,-0.018,-0.56,,0.00899,10.225,,,,282891.82,0.982506316372103,0.41239775320376143,,False
2023-12-04 00:00:00+05:30,539.0,554.1500244140625,523.4000244140625,526.4500122070312,238669,0.0,0.0,12971494400,-0.018,-0.56,,0.00899,10.225,,,,279059.76,0.855261253001866,0.4130070684995896,,False
2023-12-05 00:00:00+05:30,526.4500122070312,529.6500244140625,512.0,514.4000244140625,124044,0.0,0.0,12971494400,-0.018,-0.56,,0.00899,10.225,,,,275923.22,0.4495598449452714,0.4241985092064737,,False
2023-12-06 00:00:00+05:30,519.0,519.25,503.5,507.20001220703125,125672,0.0,0.0,12971494400,-0.018,-0.56,,0.00899,10.225,,,,266355.04,0.471821370453512,0.3944730204565188,,True
2023-12-07 00:00:00+05:30,507.0,509.54998779296875,495.45001220703125,502.6499938964844,218511,0.0,0.0,12971494400,-0.018,-0.56,,0.00899,10.225,,,,264217.04,0.8270132766607332,0.39039243073470153,,True
2023-12-08 00:00:00+05:30,507.29998779296875,513.0999755859375,497.1499938964844,499.3999938964844,193700,0.0,0.0,12971494400,-0.018,-0.56,,0.00899,10.225,,,,263001.32,0.7364982046477941,0.39059740393408016,,True
2023-12-11 00:00:00+05:30,500.0,510.45001220703125,500.0,507.70001220703125,114508,0.0,0.0,12971494400,-0.018,-0.56,,0.00899,10.225,,,,250778.84,0.45660949703730985,0.38950594811879635,,True
2023-12-12 00:00:00+05:30,507.70001220703125,508.0,492.29998779296875,498.20001220703125,134634,0.0,0.0,12971494400,-0.018,-0.56,,0.00899,10.225,,,,226710.2,0.5938594734599502,0.3969705934539638,,True
2023-12-13 00:00:00+05:30,498.70001220703125,504.95001220703125,497.1000061035156,499.3999938964844,98100,0.0,0.0,12971494400,-0.018,-0.56,,0.00899,10.225,,,,218846.14,0.448260133809077,0.22154201262610523,,True
2023-12-14 00:00:00+05:30,501.0,504.0,497.04998779296875,502.04998779296875,236054,0.0,0.0,12971494400,-0.018,-0.56,,0.00899,10.225,,,,203015.1,1.1627410965982332,0.2200877049405449,,True
2023-12-15 00:00:00+05:30,504.6000061035156,570.7999877929688,501.20001220703125,557.8499755859375,930524,0.0,0.0,12971494400,-0.018,-0.56,,0.00899,10.225,,,,210526.22,4.41999101109591,0.4572449604044384,,True
2023-12-18 00:00:00+05:30,568.0,587.9500122070312,551.9000244140625,554.5999755859375,392559,0.0,0.0,12971494400,-0.018,-0.56,,0.00899,10.225,,,,210773.1,1.8624720137436892,0.4502202734198401,,True
2023-12-19 00:00:00+05:30,556.9500122070312,595.0,553.25,582.5499877929688,471002,0.0,0.0,12971494400,-0.018,-0.56,,0.00899,10.225,,,,215624.64,2.184360748382003,0.4782985613203309,,True
2023-12-20 00:00:00+05:30,582.0,593.0499877929688,546.0499877929688,553.4500122070312,401232,0.0,0.0,12971494400,-0.018,-0.56,,0.00899,10.225,,,,191154.78,2.0989901481929985,0.5184536028102106,,True
2023-12-21 00:00:00+05:30,540.0999755859375,559.4000244140625,538.6500244140625,552.7999877929688,166322,0.0,0.0,12971494400,-0.018,-0.56,,0.00899,10.225,,,,182171.26,0.9129980217516198,0.504150245019439,,True
2023-12-22 00:00:00+05:30,554.9500122070312,566.0,547.5999755859375,553.7999877929688,166740,0.0,0.0,12971494400,-0.018,-0.56,,0.00899,10.225,,,,182016.66,0.9160699905162527,0.5023286475256571,,True
2023-12-26 00:00:00+05:30,556.5999755859375,585.0,546.7000122070312,564.7999877929688,436255,0.0,0.0,12971494400,-0.018,-0.56,,0.00899,10.225,,,,186961.62,2.3333933456503,0.5046247268401124,,True
2023-12-27 00:00:00+05:30,568.5999755859375,583.2000122070312,563.5,566.5,333369,0.0,0.0,12971494400,-0.018,-0.56,,0.00899,10.225,,,,190706.14,1.748076910371108,0.5043936634949951,,True
2023-12-28 00:00:00+05:30,568.7999877929688,603.0,566.4000244140625,590.75,598952,0.0,0.0,12971494400,-0.018,-0.56,,0.00899,10.225,,,,200507.26,2.987183606219545,0.5206166080235021,,True
2023-12-29 00:00:00+05:30,590.0,615.0,581.0,582.8499755859375,341178,0.0,0.0,12971494400,-0.018,-0.56,,0.00899,10.225,,,,203871.06,1.6734989262330808,0.5245973647968784,,True
2024-01-01 00:00:00+05:30,576.0,589.0,575.2000122070312,578.4000244140625,160629,0.0,0.0,12971494400,-0.018,-0.56,,0.00899,10.225,,,,204176.24,0.7867173966961093,0.526531433361646,,True
2024-01-02 00:00:00+05:30,584.0,584.4500122070312,565.0,572.6500244140625,125753,0.0,0.0,12971494400,-0.018,-0.56,,0.00899,10.225,,,,204262.72,0.61564342235333,0.5284503492461712,,True
2024-01-03 00:00:00+05:30,570.0,580.9500122070312,568.0,572.9000244140625,97917,0.0,0.0,12971494400,-0.018,-0.56,,0.00899,10.225,,,,204178.04,0.4795667545834018,0.5186823784765383,,True
2024-01-04 00:00:00+05:30,578.6500244140625,584.8499755859375,569.0,572.4000244140625,89450,0.0,0.0,12971494400,-0.018,-0.56,,0.00899,10.225,,,,204568.84,0.4372611195331606,0.5140808748878458,,True
2024-01-05 00:00:00+05:30,578.1500244140625,578.4000244140625,561.4000244140625,571.7999877929688,81785,0.0,0.0,12971494400,-0.018,-0.56,,0.00899,10.225,,,,202164.92,0.40454595188918036,0.5116732220222736,,True
2024-01-08 00:00:00+05:30,585.0,585.0,560.0499877929688,562.5499877929688,92380,0.0,0.0,12971494400,-0.018,-0.56,,0.00899,10.225,,,,201405.16,0.45867742415338314,0.5161890569934947,,True
2024-01-09 00:00:00+05:30,572.9500122070312,578.9000244140625,564.5499877929688,572.2999877929688,117355,0.0,0.0,12971494400,-0.018,-0.56,,0.00899,10.225,,,,194564.5,0.6031675870983658,0.5163811284414296,,True
2024-01-10 00:00:00+05:30,574.9500122070312,583.2999877929688,565.0499877929688,568.4500122070312,155515,0.0,0.0,12971494400,-0.018,-0.56,,0.00899,10.225,,,,195308.02,0.7962550641801602,0.5103404173602792,,True
2024-01-11 00:00:00+05:30,571.25,599.0,570.5,590.5,196436,0.0,0.0,12971494400,-0.018,-0.56,,0.00899,10.225,,,,198010.1,0.9920504055096179,0.5221181616501303,,True
2024-01-12 00:00:00+05:30,595.7999877929688,599.5,572.25,581.7000122070312,122412,0.0,0.0,12971494400,-0.018,-0.56,,0.00899,10.225,,,,196394.68,0.623295905978716,0.5288517225098005,,True
2024-01-15 00:00:00+05:30,581.7000122070312,581.7000122070312,581.7000122070312,581.7000122070312,0,0.0,0.0,12971494400,-0.018,-0.56,,0.00899,10.225,,,,193934.96,0.0,0.3618515322476958,,True
2024-01-16 00:00:00+05:30,581.7000122070312,589.5999755859375,561.9000244140625,571.4500122070312,139139,0.0,0.0,12971494400,-0.018,-0.56,,0.00899,10.225,,,,195566.6,0.7114660683368224,0.3677560720910563,,True
2024-01-17 00:00:00+05:30,571.5,579.0,565.7999877929688,570.8499755859375,89671,0.0,0.0,12971494400,-0.018,-0.56,,0.00899,10.225,,,,196601.16,0.45610615929224424,0.3196986914972396,,True
2024-01-18 00:00:00+05:30,565.1500244140625,576.7999877929688,562.2000122070312,569.75,81761,0.0,0.0,12971494400,-0.018,-0.56,,0.00899,10.225,,,,195922.18,0.4173136497358288,0.26206510967615854,,True
2024-01-19 00:00:00+05:30,571.0999755859375,585.0,568.2999877929688,576.4500122070312,139435,0.0,0.0,12971494400,-0.018,-0.56,,0.00899,10.225,,,,197835.2,0.7048037962910544,0.26427442124674194,,True
2024-01-23 00:00:00+05:30,577.5499877929688,589.8499755859375,563.6500244140625,573.75,217735,0.0,0.0,12971494400,-0.018,-0.56,,0.00899,10.225,,,,200865.04,1.0839865414110887,0.26541301997774897,,True
2024-01-24 00:00:00+05:30,587.0,614.7999877929688,565.5499877929688,589.7999877929688,515972,0.0,0.0,12971494400,-0.018,-0.56,,0.00899,10.225,,,,210225.18,2.454377729632578,0.2741120428568112,,True
2024-01-25 00:00:00+05:30,590.0,595.8499755859375,579.5999755859375,582.0999755859375,102260,0.0,0.0,12971494400,-0.018,-0.56,,0.00899,10.225,,,,211549.44,0.4833858222456178,0.2794459119883614,,True
2024-01-29 00:00:00+05:30,595.0,595.0,580.0499877929688,582.6500244140625,103335,0.0,0.0,12971494400,-0.018,-0.56,,0.00899,10.225,,,,208122.34,0.49651085030083747,0.2330375304888386,,True
2024-01-30 00:00:00+05:30,580.25,590.0,577.0999755859375,584.3499755859375,82920,0.0,0.0,12971494400,-0.018,-0.56,,0.00899,10.225,,,,207236.0,0.400123530660696,0.22831111881398278,,False
2024-01-31 00:00:00+05:30,587.2999877929688,616.6500244140625,578.6500244140625,596.5499877929688,265450,0.0,0.0,12971494400,-0.018,-0.56,,0.00899,10.225,,,,209826.24,1.265094394295013,0.23753797217946349,,True
2024-02-01 00:00:00+05:30,604.0,628.7000122070312,588.7000122070312,609.9500122070312,331838,0.0,0.0,12971494400,-0.018,-0.56,,0.00899,10.225,,,,214102.58,1.549901920845606,0.2443152755664624,,True
2024-02-02 00:00:00+05:30,614.5,635.4000244140625,606.2000122070312,613.1500244140625,298463,0.0,0.0,12971494400,-0.018,-0.56,,0.00899,10.225,,,,216270.06,1.3800477051701008,0.2441715518586662,,True
2024-02-05 00:00:00+05:30,615.0,625.0,602.25,610.5499877929688,109183,0.0,0.0,12971494400,-0.018,-0.56,,0.00899,10.225,,,,215179.46,0.5074043777226692,0.24526383561266027,,True
2024-02-06 00:00:00+05:30,611.0499877929688,617.7000122070312,600.25,602.5999755859375,66200,0.0,0.0,12971494400,-0.018,-0.56,,0.00899,10.225,,,,213226.42,0.31046809302524514,0.25170490830260844,,True
2024-02-07 00:00:00+05:30,605.5999755859375,617.2000122070312,602.5999755859375,605.8499755859375,78827,0.0,0.0,12971494400,-0.018,-0.56,,0.00899,10.225,,,,212389.98,0.3711427441162714,0.24164249442053032,,True
2024-02-08 00:00:00+05:30,608.9500122070312,615.0,600.4000244140625,605.4000244140625,57471,0.0,0.0,12971494400,-0.018,-0.56,,0.00899,10.225,,,,211095.9,0.2722506690087302,0.23670823785083045,,True
2024-02-09 00:00:00+05:30,609.9500122070312,614.0,580.0,608.0499877929688,116376,0.0,0.0,12971494400,-0.018,-0.56,,0.00899,10.225,,,,207920.1,0.5597150059085196,0.2339719539936897,,True
2024-02-12 00:00:00+05:30,610.0,619.0,587.7999877929688,596.75,109812,0.0,0.0,12971494400,-0.018,-0.56,,0.00899,10.225,,,,207850.16,0.5283229033838608,0.206089509973147,,True
2024-02-13 00:00:00+05:30,526.3499755859375,546.75,482.54998779296875,500.6000061035156,883335,0.0,0.0,12971494400,-0.018,-0.56,,0.00899,10.225,,,,220575.66,4.004680298814475,0.6099336360327582,,True
2024-02-14 00:00:00+05:30,500.54998779296875,517.0999755859375,495.0,513.25,298768,0.0,0.0,12971494400,-0.018,-0.56,,0.00899,10.225,,,,220992.16,1.351939362916766,0.6201282903048058,,True
2024-02-15 00:00:00+05:30,517.0,547.9000244140625,500.54998779296875,524.9000244140625,287065,0.0,0.0,12971494400,-0.018,-0.56,,0.00899,10.225,,,,221960.08,1.2933181498222563,0.6261117815140995,,True
2024-02-16 00:00:00+05:30,525.2000122070312,542.9000244140625,521.7000122070312,529.9500122070312,148299,0.0,0.0,12971494400,-0.018,-0.56,,0.00899,10.225,,,,222445.18,0.666676616683715,0.6277921892514611,,True
2024-02-19 00:00:00+05:30,536.2000122070312,539.3499755859375,530.3499755859375,533.9000244140625,47234,0.0,0.0,12971494400,-0.018,-0.56,,0.00899,10.225,,,,220876.42,0.21384808754144058,0.6288655043583864,,True
2024-02-20 00:00:00+05:30,536.5499877929688,547.3499755859375,526.7999877929688,534.0999755859375,112857,0.0,0.0,12971494400,-0.018,-0.56,,0.00899,10.225,,,,218763.34,0.5158862540679805,0.6267550802083407,,True
2024-02-21 00:00:00+05:30,532.0,539.0,522.6500244140625,528.9500122070312,59483,0.0,0.0,12971494400,-0.018,-0.56,,0.00899,10.225,,,,216079.0,0.2752835768399521,0.6271796019729673,,True
2024-02-22 00:00:00+05:30,531.5999755859375,532.0499877929688,520.6500244140625,525.4000244140625,32255,0.0,0.0,12971494400,-0.018,-0.56,,0.00899,10.225,,,,214433.94,0.15041928530530194,0.6162743090432784,,True
2024-02-23 00:00:00+05:30,525.0,529.9000244140625,516.0999755859375,518.9500122070312,39668,0.0,0.0,12971494400,-0.018,-0.56,,0.00899,10.225,,,,212534.62,0.18664253381402052,0.6161450306481594,,True
2024-02-26 00:00:00+05:30,519.0,522.1500244140625,506.54998779296875,513.75,66849,0.0,0.0,12971494400,-0.018,-0.56,,0.00899,10.225,,,,211909.6,0.315459988598912,0.6159864707735936,,True
2024-02-27 00:00:00+05:30,516.2999877929688,519.75,500.25,505.1499938964844,95636,0.0,0.0,12971494400,-0.018,-0.56,,0.00899,10.225,,,,209101.24,0.457366967312102,0.6163825640029638,,True
2024-02-28 00:00:00+05:30,505.0,509.3500061035156,491.0,496.04998779296875,190155,0.0,0.0,12971494400,-0.018,-0.56,,0.00899,10.225,,,,194293.86,0.978697937237955,0.6089139209846477,,True
2024-02-29 00:00:00+05:30,495.0,503.04998779296875,494.79998779296875,496.3999938964844,56261,0.0,0.0,12971494400,-0.018,-0.56,,0.00899,10.225,,,,187567.9,0.2999500447571253,0.599101408292974,,True
2024-03-01 00:00:00+05:30,503.8500061035156,505.8999938964844,488.1000061035156,489.8500061035156,93154,0.0,0.0,12971494400,-0.018,-0.56,,0.00899,10.225,,,,180010.94,0.5174907702831839,0.5966527480887953,,False
2024-03-04 00:00:00+05:30,511.6000061035156,539.9000244140625,489.95001220703125,494.95001220703125,190602,0.0,0.0,12971494400,-0.018,-0.56,,0.00899,10.225,,,,175798.34,1.084208189906685,0.6009172026909225,,False
2024-03-05 00:00:00+05:30,496.0,496.70001220703125,481.25,489.8999938964844,97793,0.0,0.0,12971494400,-0.018,-0.56,,0.00899,10.225,,,,174427.76,0.5606504377514221,0.6007931527334414,,False
2024-03-06 00:00:00+05:30,485.0,489.3999938964844,465.1000061035156,470.29998779296875,189106,0.0,0.0,12971494400,-0.018,-0.56,,0.00899,10.225,,,,174875.08,1.0813776325363227,0.6073970426072811,,False
2024-03-07 00:00:00+05:30,467.0,478.95001220703125,458.8500061035156,467.20001220703125,257093,0.0,0.0,12971494400,-0.018,-0.56,,0.00899,10.225,,,,171291.84,1.5009062895231904,0.6063365196581958,,False
2024-03-11 00:00:00+05:30,467.8999938964844,472.70001220703125,455.1000061035156,458.1499938964844,165113,0.0,0.0,12971494400,-0.018,-0.56,,0.00899,10.225,,,,167926.72,0.9832443580152105,0.6036256843172273,,False
2024-03-12 00:00:00+05:30,463.8999938964844,463.8999938964844,434.54998779296875,441.5,393141,0.0,0.0,12971494400,-0.018,-0.56,,0.00899,10.225,,,,163810.5,2.399974360617909,0.6089561137188605,,False
2024-03-13 00:00:00+05:30,437.1000061035156,457.0,406.0,414.25,240449,0.0,0.0,12971494400,-0.018,-0.56,,0.00899,10.225,,,,161795.92,1.4861252372742155,0.3284594729427246,,False
2024-03-14 00:00:00+05:30,404.95001220703125,447.0,402.20001220703125,427.70001220703125,282795,0.0,0.0,12971494400,-0.018,-0.56,,0.00899,10.225,,,,164239.24,1.7218479578936192,0.33929867703227073,,False
2024-03-15 00:00:00+05:30,422.1000061035156,453.0,421.95001220703125,449.95001220703125,290361,0.0,0.0,12971494400,-0.018,-0.56,,0.00899,10.225,,,,167531.4,1.733173602082953,0.38794644141954865,,False
2024-03-18 00:00:00+05:30,445.0,447.95001220703125,429.0,430.20001220703125,104179,0.0,0.0,12971494400,-0.018,-0.56,,0.00899,10.225,,,,167656.64,0.6213830839029101,0.4030387971289082,,False
2024-03-19 00:00:00+05:30,428.04998779296875,458.8999938964844,428.04998779296875,434.54998779296875,119832,0.0,0.0,12971494400,-0.018,-0.56,,0.00899,10.225,,,,168264.28,0.7121654102700823,0.4046781807381743,,False
2024-03-20 00:00:00+05:30,438.0,439.70001220703125,425.0,429.79998779296875,75429,0.0,0.0,12971494400,-0.018,-0.56,,0.00899,10.225,,,,168137.16,0.4486158800350856,0.40284499909919447,,False
2024-03-21 00:00:00+05:30,436.25,436.25,422.04998779296875,424.20001220703125,349875,0.0,0.0,12971494400,-0.018,-0.56,,0.00899,10.225,,,,173287.06,2.0190486237114302,0.4029290738547487,,False
2024-03-22 00:00:00+05:30,432.75,440.0,425.6000061035156,428.8999938964844,118194,0.0,0.0,12971494400,-0.018,-0.56,,0.00899,10.225,,,,173303.84,0.6820045072284607,0.41012985523302675,,False
2024-03-26 00:00:00+05:30,433.8500061035156,436.70001220703125,412.3999938964844,416.5,417692,0.0,0.0,12971494400,-0.018,-0.56,,0.00899,10.225,,,,178547.38,2.339390250363797,0.4156874391168607,,False
2024-03-27 00:00:00+05:30,418.0,429.3999938964844,415.04998779296875,425.8500061035156,149502,0.0,0.0,12971494400,-0.018,-0.56,,0.00899,10.225,,,,177608.7,0.8417493061995274,0.43195644300302044,,False
2024-03-28 00:00:00+05:30,427.0,448.79998779296875,425.0,442.25,288896,0.0,0.0,12971494400,-0.018,-0.56,,0.00899,10.225,,,,180938.38,1.5966540653232333,0.46226055616691203,,False
2024-04-01 00:00:00+05:30,444.0,470.0,442.0,454.5,158213,0.0,0.0,12971494400,-0.018,-0.56,,0.00899,10.225,,,,184102.64,0.8593738797010189,0.47509641388985574,,False
2024-04-02 00:00:00+05:30,454.0,465.8999938964844,451.1000061035156,452.95001220703125,127144,0.0,0.0,12971494400,-0.018,-0.56,,0.00899,10.225,,,,183862.74,0.69151585579547,0.47478751812184117,,False
2024-04-03 00:00:00+05:30,448.3999938964844,467.45001220703125,446.54998779296875,460.95001220703125,130026,0.0,0.0,12971494400,-0.018,-0.56,,0.00899,10.225,,,,184669.84,0.7040998140248564,0.4795944483258695,,False
2024-04-04 00:00:00+05:30,464.6499938964844,466.0,455.29998779296875,459.3500061035156,102083,0.0,0.0,12971494400,-0.018,-0.56,,0.00899,10.225,,,,185076.28,0.5515725732114348,0.47712445928077885,,False
2024-04-05 00:00:00+05:30,461.6499938964844,468.95001220703125,458.0,461.29998779296875,107666,0.0,0.0,12971494400,-0.018,-0.56,,0.00899,10.225,,,,184440.9,0.5837425430042903,0.47710589725483077,,False
2024-04-08 00:00:00+05:30,462.95001220703125,477.0,462.1000061035156,463.79998779296875,137299,0.0,0.0,12971494400,-0.018,-0.56,,0.00899,10.225,,,,182832.18,0.7509564235355067,0.4566400542408385,,False
2024-04-09 00:00:00+05:30,465.5,469.95001220703125,457.0,459.1499938964844,58344,0.0,0.0,12971494400,-0.018,-0.56,,0.00899,10.225,,,,173679.62,0.33592887870206073,0.4574296665943867,,False
2024-04-10 00:00:00+05:30,460.54998779296875,462.45001220703125,451.0,455.1499938964844,63724,0.0,0.0,12971494400,-0.018,-0.56,,0.00899,10.225,,,,172908.9,0.3685408906077131,0.45313342824159947,,False
2024-04-12 00:00:00+05:30,450.6000061035156,459.0,450.6000061035156,455.25,69842,0.0,0.0,12971494400,-0.018,-0.56,,0.00899,10.225,,,,172239.04,0.4054945963470302,0.43228217346756564,,False
2024-04-15 00:00:00+05:30,420.79998779296875,449.95001220703125,420.79998779296875,437.95001220703125,61554,0.0,0.0,12971494400,-0.018,-0.56,,0.00899,10.225,,,,171811.72,0.35826426742017364,0.39234264987810324,,False
2024-04-16 00:00:00+05:30,435.3999938964844,446.95001220703125,435.3999938964844,440.3999938964844,47455,0.0,0.0,12971494400,-0.018,-0.56,,0.00899,10.225,,,,167451.82,0.28339494906654344,0.3769338389534945,,False
2024-04-18 00:00:00+05:30,445.3999938964844,448.79998779296875,431.54998779296875,434.25,77987,0.0,0.0,12971494400,-0.018,-0.56,,0.00899,10.225,,,,162374.8,0.48029004500698386,0.3300213568750799,,False
2024-04-19 00:00:00+05:30,434.3500061035156,437.8500061035156,425.0,429.75,90568,0.0,0.0,12971494400,-0.018,-0.56,,0.00899,10.225,,,,158216.9,0.5724293675327984,0.29229048974372174,,False
2024-04-22 00:00:00+05:30,431.95001220703125,438.8999938964844,431.29998779296875,436.6499938964844,89454,0.0,0.0,12971494400,-0.018,-0.56,,0.00899,10.225,,,,157822.32,0.5668019580500401,0.2957299672626288,,False
2024-04-23 00:00:00+05:30,439.0,454.0,436.5,442.54998779296875,132911,0.0,0.0,12971494400,-0.018,-0.56,,0.00899,10.225,,,,159156.54,0.8350960632846127,0.2960297916627072,,False
2024-04-24 00:00:00+05:30,447.0,458.3999938964844,445.04998779296875,447.95001220703125,81631,0.0,0.0,12971494400,-0.018,-0.56,,0.00899,10.225,,,,159212.62,0.5127168939246148,0.29299324852093384,,False
2024-04-25 00:00:00+05:30,445.0,452.70001220703125,423.79998779296875,433.1499938964844,166866,0.0,0.0,12971494400,-0.018,-0.56,,0.00899,10.225,,,,161400.52,1.033862840094939,0.3174678828262594,,False
2024-04-26 00:00:00+05:30,438.0,472.1000061035156,436.6499938964844,465.75,616821,0.0,0.0,12971494400,-0.018,-0.56,,0.00899,10.225,,,,171409.42,3.598524515163752,0.39464254900476975,,False
2024-04-29 00:00:00+05:30,466.04998779296875,493.0,465.3999938964844,484.6000061035156,461209,0.0,0.0,12971494400,-0.018,-0.56,,0.00899,10.225,,,,178437.36,2.5847109596331173,0.4095746729473294,,False
2024-04-30 00:00:00+05:30,481.0,486.8999938964844,473.75,476.70001220703125,90824,0.0,0.0,12971494400,-0.018,-0.56,,0.00899,10.225,,,,162587.14,0.5586173666625786,0.3993627863112399,,False
2024-05-02 00:00:00+05:30,474.54998779296875,475.95001220703125,463.3500061035156,467.04998779296875,112100,0.0,0.0,12971494400,-0.018,-0.56,,0.00899,10.225,,,,158853.78,0.7056804062201101,0.3979692070160735,,False
2024-05-03 00:00:00+05:30,469.6499938964844,474.3500061035156,459.8500061035156,464.5,76969,0.0,0.0,12971494400,-0.018,-0.56,,0.00899,10.225,,,,154651.86,0.49769204198384687,0.39838150409697176,,False
2024-05-06 00:00:00+05:30,463.0,469.8999938964844,452.29998779296875,459.6499938964844,79973,0.0,0.0,12971494400,-0.018,-0.56,,0.00899,10.225,,,,153285.34,0.5217263438238777,0.3957909884533078,,False
2024-05-07 00:00:00+05:30,455.20001220703125,472.0,452.1499938964844,467.25,96954,0.0,0.0,12971494400,-0.018,-0.56,,0.00899,10.225,,,,154279.74,0.6284298897573979,0.39971576013319776,,False
2024-05-08 00:00:00+05:30,469.6000061035156,476.79998779296875,460.45001220703125,469.75,81141,0.0,0.0,12971494400,-0.018,-0.56,,0.00899,10.225,,,,153645.42,0.5281055562866761,0.399848579211109,,True
2024-05-09 00:00:00+05:30,469.75,500.0,457.6000061035156,483.3500061035156,597328,0.0,0.0,12971494400,-0.018,-0.56,,0.00899,10.225,,,,164402.32,3.63333072185356,0.4116891160646843,,True
2024-05-10 00:00:00+05:30,498.0,498.0,483.0,487.0,256603,0.0,0.0,12971494400,-0.018,-0.56,,0.00899,10.225,,,,168889.28,1.5193563499116107,0.40938539497875504,,True
2024-05-13 00:00:00+05:30,486.95001220703125,488.29998779296875,465.0,477.8500061035156,124510,0.0,0.0,12971494400,-0.018,-0.56,,0.00899,10.225,,,,170586.12,0.729895257597746,0.4148199448183896,,True
2024-05-14 00:00:00+05:30,479.6499938964844,493.0,477.3500061035156,489.6000061035156,76744,0.0,0.0,12971494400,-0.018,-0.56,,0.00899,10.225,,,,170784.02,0.44936288535660424,0.42180495292638887,,True
2024-05-15 00:00:00+05:30,492.0,494.1000061035156,473.70001220703125,479.79998779296875,65710,0.0,0.0,12971494400,-0.018,-0.56,,0.00899,10.225,,,,170185.5,0.3861080996912193,0.40245507575163003,,True
2024-05-16 00:00:00+05:30,487.0,491.54998779296875,476.3500061035156,480.70001220703125,92745,0.0,0.0,12971494400,-0.018,-0.56,,0.00899,10.225,,,,168237.3,0.5512748956384821,0.4025831015436642,,True
2024-05-17 00:00:00+05:30,487.8999938964844,513.0,483.75,490.3999938964844,328605,0.0,0.0,12971494400,-0.018,-0.56,,0.00899,10.225,,,,173684.18,1.8919685143459815,0.399836479233732,,True
2024-05-21 00:00:00+05:30,494.0,494.0,470.75,473.5,102120,0.0,0.0,12971494400,-0.018,-0.56,,0.00899,10.225,,,,173863.5,0.5873573234175086,0.4217804024625416,,True
2024-05-22 00:00:00+05:30,480.6000061035156,490.0,475.0,476.54998779296875,65163,0.0,0.0,12971494400,-0.018,-0.56,,0.00899,10.225,,,,171354.72,0.38028132519489394,0.41987145807085136,,True
2024-05-23 00:00:00+05:30,485.0,485.0,469.0,473.5,55706,0.0,0.0,12971494400,-0.018,-0.56,,0.00899,10.225,,,,170512.98,0.32669653653346503,0.4202831067932861,,True
2024-05-24 00:00:00+05:30,476.0,478.0,460.04998779296875,463.1000061035156,121479,0.0,0.0,12971494400,-0.018,-0.56,,0.00899,10.225,,,,169160.44,0.718128895857684,0.42854687706616157,,True
2024-05-27 00:00:00+05:30,464.8999938964844,470.6499938964844,459.29998779296875,460.8500061035156,57361,0.0,0.0,12971494400,-0.018,-0.56,,0.00899,10.225,,,,165165.8,0.3472934469484603,0.4092215102709019,,True
2024-05-28 00:00:00+05:30,461.45001220703125,488.3999938964844,459.0,479.29998779296875,249356,0.0,0.0,12971494400,-0.018,-0.56,,0.00899,10.225,,,,166850.66,1.4944861470730773,0.34052660680750163,,True
2024-05-29 00:00:00+05:30,479.0,479.0,466.20001220703125,471.70001220703125,65601,0.0,0.0,12971494400,-0.018,-0.56,,0.00899,10.225,,,,160299.86,0.40923928442607505,0.312941570009302,,True
2024-05-30 00:00:00+05:30,439.04998779296875,449.5,422.04998779296875,427.1000061035156,339793,0.0,0.0,12971494400,-0.018,-0.56,,0.00899,10.225,,,,162286.74,2.0937816607814046,0.4544264076182095,,True
2024-05-31 00:00:00+05:30,427.25,434.54998779296875,417.1000061035156,422.8500061035156,127883,0.0,0.0,12971494400,-0.018,-0.56,,0.00899,10.225,,,,159188.5,0.8033432063245775,0.4513283699708124,,True
2024-06-03 00:00:00+05:30,439.0,439.0,418.70001220703125,430.8999938964844,83605,0.0,0.0,12971494400,-0.018,-0.56,,0.00899,10.225,,,,155053.38,0.5392014027685175,0.4589938890969534,,True
2024-06-04 00:00:00+05:30,428.95001220703125,428.95001220703125,380.0,407.8999938964844,212407,0.0,0.0,12971494400,-0.018,-0.56,,0.00899,10.225,,,,157217.94,1.3510353843842502,0.4919286065405689,,True
2024-06-05 00:00:00+05:30,409.79998779296875,414.3999938964844,386.45001220703125,408.3999938964844,64997,0.0,0.0,12971494400,-0.018,-0.56,,0.00899,10.225,,,,156121.24,0.4163238775198045,0.4858038748498982,,True
2024-06-06 00:00:00+05:30,411.45001220703125,433.25,411.45001220703125,429.5,51733,0.0,0.0,12971494400,-0.018,-0.56,,0.00899,10.225,,,,155647.32,0.3323732140071541,0.5265776292643787,,True
2024-06-07 00:00:00+05:30,425.54998779296875,438.04998779296875,425.54998779296875,436.04998779296875,36532,0.0,0.0,12971494400,-0.018,-0.56,,0.00899,10.225,,,,149380.46,0.24455675126452284,0.5173947716538941,,True
2024-06-10 00:00:00+05:30,440.0,447.70001220703125,427.25,431.25,75439,0.0,0.0,12971494400,-0.018,-0.56,,0.00899,10.225,,,,148525.36,0.5079199942689923,0.5157963654528049,,True
2024-06-11 00:00:00+05:30,431.25,442.54998779296875,431.25,436.1000061035156,45043,0.0,0.0,12971494400,-0.018,-0.56,,0.00899,10.225,,,,141072.38,0.31928999850998474,0.5165872157521123,,True
2024-06-12 00:00:00+05:30,436.8999938964844,444.0,419.25,426.75,155714,0.0,0.0,12971494400,-0.018,-0.56,,0.00899,10.225,,,,141196.62,1.1028167671435762,0.5085232147897759,,True
2024-06-13 00:00:00+05:30,429.0,432.8999938964844,421.6000061035156,423.0,89356,0.0,0.0,12971494400,-0.018,-0.56,,0.00899,10.225,,,,137205.82,0.6512551727033153,0.5060758952098552,,True
2024-06-14 00:00:00+05:30,429.45001220703125,429.45001220703125,421.70001220703125,423.1000061035156,70827,0.0,0.0,12971494400,-0.018,-0.56,,0.00899,10.225,,,,135458.1,0.5228701716619383,0.5057801167736653,,True
2024-06-18 00:00:00+05:30,424.0,456.20001220703125,424.0,444.95001220703125,498801,0.0,0.0,12971494400,-0.018,-0.56,,0.00899,10.225,,,,142891.24,3.4907738221041402,0.5385401177025714,,False
2024-06-19 00:00:00+05:30,444.95001220703125,448.04998779296875,434.1499938964844,435.79998779296875,110959,0.0,0.0,12971494400,-0.018,-0.56,,0.00899,10.225,,,,142509.9,0.7786055565262484,0.5304127220236414,,False
2024-06-20 00:00:00+05:30,437.04998779296875,440.0,433.1499938964844,434.54998779296875,61303,0.0,0.0,12971494400,-0.018,-0.56,,0.00899,10.225,,,,141694.3,0.4326426680536903,0.5291032457645004,,False
2024-06-21 00:00:00+05:30,434.6000061035156,443.0,431.54998779296875,436.1499938964844,62616,0.0,0.0,12971494400,-0.018,-0.56,,0.00899,10.225,,,,140793.3,0.4447370720055571,0.5297228916266776,,False
2024-06-24 00:00:00+05:30,438.0,442.0,420.95001220703125,422.45001220703125,139480,0.0,0.0,12971494400,-0.018,-0.56,,0.00899,10.225,,,,140836.92,0.9903653104597856,0.5351100738698019,,False
2024-06-25 00:00:00+05:30,423.6000061035156,434.95001220703125,423.6000061035156,427.45001220703125,75588,0.0,0.0,12971494400,-0.018,-0.56,,0.00899,10.225,,,,141181.8,0.5353947888467211,0.5380414841954075,,False
2024-06-26 00:00:00+05:30,428.25,433.20001220703125,423.95001220703125,427.45001220703125,64474,0.0,0.0,12971494400,-0.018,-0.56,,0.00899,10.225,,,,141196.8,0.45662507932191104,0.5135871867677431,,False
2024-06-27 00:00:00+05:30,427.45001220703125,436.5,426.3999938964844,434.8999938964844,69889,0.0,0.0,12971494400,-0.018,-0.56,,0.00899,10.225,,,,141197.74,0.49497251159968997,0.517998290960063,,False
2024-06-28 00:00:00+05:30,434.8999938964844,474.0,427.6499938964844,449.04998779296875,406733,0.0,0.0,12971494400,-0.018,-0.56,,0.00899,10.225,,,,148101.32,2.7463158329716437,0.4061986628978516,,False
2024-07-01 00:00:00+05:30,450.75,458.0,448.0,450.3999938964844,142926,0.0,0.0,12971494400,-0.018,-0.56,,0.00899,10.225,,,,150010.74,0.9527717815404417,0.40339022133766333,,False
2024-07-02 00:00:00+05:30,454.45001220703125,454.45001220703125,443.0,447.3500061035156,68753,0.0,0.0,12971494400,-0.018,-0.56,,0.00899,10.225,,,,149826.06,0.4588854569091652,0.40057051997656024,,False
2024-07-03 00:00:00+05:30,447.75,451.8999938964844,444.0,447.04998779296875,42336,0.0,0.0,12971494400,-0.018,-0.56,,0.00899,10.225,,,,148861.42,0.2843987381015175,0.34320552263286447,,False
2024-07-04 00:00:00+05:30,454.70001220703125,454.70001220703125,442.20001220703125,445.8999938964844,61753,0.0,0.0,12971494400,-0.018,-0.56,,0.00899,10.225,,,,148307.4,0.41638515677572396,0.34399577377753293,,False
2024-07-05 00:00:00+05:30,447.29998779296875,454.45001220703125,442.6499938964844,448.1499938964844,122674,0.0,0.0,12971494400,-0.018,-0.56,,0.00899,10.225,,,,148102.66,0.8283038265484225,0.2958749150257794,,False
2024-07-08 00:00:00+05:30,452.8999938964844,452.95001220703125,439.79998779296875,442.8500061035156,123950,0.0,0.0,12971494400,-0.018,-0.56,,0.00899,10.225,,,,148949.04,0.8321638058224476,0.2957559380253768,,False
2024-07-09 00:00:00+05:30,442.8500061035156,449.1000061035156,440.0,442.54998779296875,41384,0.0,0.0,12971494400,-0.018,-0.56,,0.00899,10.225,,,,146439.4,0.28260154029584933,0.2924773100948048,,False
2024-07-10 00:00:00+05:30,443.1000061035156,447.0,428.25,432.6499938964844,44071,0.0,0.0,12971494400,-0.018,-0.56,,0.00899,10.225,,,,134984.4,0.3264895795365983,0.30174408039779077,,False
2024-07-11 00:00:00+05:30,434.0,453.0,434.0,446.25,83869,0.0,0.0,12971494400,-0.018,-0.56,,0.00899,10.225,,,,127437.6,0.6581181692059486,0.31068148829222325,,False
2024-07-12 00:00:00+05:30,447.0,449.0,440.1000061035156,445.6499938964844,52466,0.0,0.0,12971494400,-0.018,-0.56,,0.00899,10.225,,,,126670.44,0.41419292456866813,0.30823531151366357,,False
2024-07-15 00:00:00+05:30,449.45001220703125,449.45001220703125,439.0,440.79998779296875,27434,0.0,0.0,12971494400,-0.018,-0.56,,0.00899,10.225,,,,124977.12,0.2195121795093374,0.31196099294523877,,False
2024-07-16 00:00:00+05:30,440.79998779296875,441.0,432.0,438.75,34536,0.0,0.0,12971494400,-0.018,-0.56,,0.00899,10.225,,,,124128.46,0.2782278939092614,0.25192555326170557,,False
2024-07-18 00:00:00+05:30,438.75,449.0,431.45001220703125,434.3500061035156,39487,0.0,0.0,12971494400,-0.018,-0.56,,0.00899,10.225,,,,123318.74,0.32020275263921766,0.24347615687416602,,False
2024-07-19 00:00:00+05:30,430.3500061035156,433.20001220703125,423.54998779296875,427.8999938964844,41296,0.0,0.0,12971494400,-0.018,-0.56,,0.00899,10.225,,,,122205.58,0.33792237637593964,0.2489648510232518,,False
2024-07-22 00:00:00+05:30,427.45001220703125,429.0,420.0,427.79998779296875,45270,0.0,0.0,12971494400,-0.018,-0.56,,0.00899,10.225,,,,121488.16,0.3726289047426515,0.248447734608289,,False
2024-07-23 00:00:00+05:30,436.3999938964844,449.0,415.0,444.20001220703125,210164,0.0,0.0,12971494400,-0.018,-0.56,,0.00899,10.225,,,,113744.88,1.8476787702444277,0.25783483325188516,,False
2024-07-24 00:00:00+05:30,445.0,448.45001220703125,435.0,441.8999938964844,73699,0.0,0.0,12971494400,-0.018,-0.56,,0.00899,10.225,,,,110086.8,0.6694626422059684,0.25685533616275646,,False
2024-07-25 00:00:00+05:30,440.95001220703125,444.45001220703125,427.0,429.3500061035156,76142,0.0,0.0,12971494400,-0.018,-0.56,,0.00899,10.225,,,,109119.44,0.6977858390768867,0.2783581079054142,,False
2024-07-26 00:00:00+05:30,429.45001220703125,440.0,425.0,426.79998779296875,80526,0.0,0.0,12971494400,-0.018,-0.56,,0.00899,10.225,,,,109195.08,0.7374508082232276,0.27163808524836125,,True
2024-07-29 00:00:00+05:30,430.8999938964844,435.95001220703125,428.29998779296875,430.8500061035156,55130,0.0,0.0,12971494400,-0.018,-0.56,,0.00899,10.225,,,,108983.48,0.5058564839368316,0.24515021270678955,,False
2024-07-30 00:00:00+05:30,430.8500061035156,435.0,420.5,430.6499938964844,61416,0.0,0.0,12971494400,-0.018,-0.56,,0.00899,10.225,,,,108356.9,0.5667936236640214,0.24452752650275558,,False
2024-07-31 00:00:00+05:30,430.6000061035156,433.79998779296875,425.0,429.1000061035156,50439,0.0,0.0,12971494400,-0.018,-0.56,,0.00899,10.225,,,,102793.58,0.49068239475655967,0.24398711771190248,,False
2024-08-01 00:00:00+05:30,433.79998779296875,435.0,420.29998779296875,422.3999938964844,84559,0.0,0.0,12971494400,-0.018,-0.56,,0.00899,10.225,,,,102442.36,0.8254300271879719,0.24865370407075063,,False
2024-08-02 00:00:00+05:30,420.0,428.6000061035156,418.3999938964844,422.1499938964844,51113,0.0,0.0,12971494400,-0.018,-0.56,,0.00899,10.225,,,,102161.36,0.5003163622723895,0.24876826464318347,,False
2024-08-05 00:00:00+05:30,417.95001220703125,421.3500061035156,410.95001220703125,412.54998779296875,55637,0.0,0.0,12971494400,-0.018,-0.56,,0.00899,10.225,,,,102159.98,0.5446066062268219,0.25683788969840693,,False
2024-08-06 00:00:00+05:30,417.54998779296875,420.54998779296875,405.5,408.8999938964844,64135,0.0,0.0,12971494400,-0.018,-0.56,,0.00899,10.225,,,,101013.1,0.6349176492949924,0.25585072195600206,,False
2024-08-07 00:00:00+05:30,428.95001220703125,428.95001220703125,401.1000061035156,404.6499938964844,75984,0.0,0.0,12971494400,-0.018,-0.56,,0.00899,10.225,,,,101385.56,0.7494558396678975,0.2565725054805248,,False
2024-08-08 00:00:00+05:30,403.95001220703125,411.6499938964844,397.1499938964844,404.25,236485,0.0,0.0,12971494400,-0.018,-0.56,,0.00899,10.225,,,,101128.14,2.3384687981011023,0.247720530946804,,False
2024-08-09 00:00:00+05:30,408.0,424.70001220703125,406.79998779296875,418.8999938964844,113917,0.0,0.0,12971494400,-0.018,-0.56,,0.00899,10.225,,,,102094.46,1.1158000150057112,0.2570623629538863,,False
2024-08-12 00:00:00+05:30,405.0,407.5,378.79998779296875,383.6000061035156,378355,0.0,0.0,12971494400,-0.018,-0.56,,0.00899,10.225,,,,102865.7,3.6781453876267793,0.386013702025706,,False
2024-08-13 00:00:00+05:30,386.6000061035156,389.0,367.79998779296875,370.3999938964844,149885,0.0,0.0,12971494400,-0.018,-0.56,,0.00899,10.225,,,,103305.74,1.450887433747631,0.39785969064713045,,False
2024-08-14 00:00:00+05:30,372.8999938964844,380.6000061035156,367.75,374.29998779296875,59002,0.0,0.0,12971494400,-0.018,-0.56,,0.00899,10.225,,,,102813.68,0.5738730488005098,0.4033459893060045,,False
2024-08-16 00:00:00+05:30,379.8999938964844,387.29998779296875,374.3500061035156,376.6000061035156,159244,0.0,0.0,12971494400,-0.018,-0.56,,0.00899,10.225,,,,101750.42,1.5650451369144225,0.40612929475174103,,False
2024-08-19 00:00:00+05:30,382.6000061035156,383.54998779296875,368.0,369.8500061035156,138786,0.0,0.0,12971494400,-0.018,-0.56,,0.00899,10.225,,,,103226.2,1.3444842491538,0.40708386962812654,,False
2024-08-20 00:00:00+05:30,375.3999938964844,379.8500061035156,372.0,373.8500061035156,52798,0.0,0.0,12971494400,-0.018,-0.56,,0.00899,10.225,,,,103247.5,0.5113731567350299,0.41136575774659356,,False
2024-08-21 00:00:00+05:30,375.0,379.04998779296875,369.8999938964844,372.45001220703125,79830,0.0,0.0,12971494400,-0.018,-0.56,,0.00899,10.225,,,,104113.46,0.7667596485603302,0.376309023400316,,False
2024-08-22 00:00:00+05:30,378.8999938964844,378.8999938964844,369.3999938964844,370.25,117558,0.0,0.0,12971494400,-0.018,-0.56,,0.00899,10.225,,,,104955.84,1.1200710698899652,0.3762327033828987,,False
2024-08-23 00:00:00+05:30,371.04998779296875,385.70001220703125,371.04998779296875,377.79998779296875,167993,0.0,0.0,12971494400,-0.018,-0.56,,0.00899,10.225,,,,107414.84,1.5639645322750562,0.3818780168631998,,False
2024-08-26 00:00:00+05:30,379.8500061035156,381.95001220703125,373.04998779296875,374.04998779296875,112046,0.0,0.0,12971494400,-0.018,-0.56,,0.00899,10.225,,,,106541.48,1.0516655109352715,0.3821191038253788,,False
2024-08-27 00:00:00+05:30,377.0,379.5,372.0,374.1499938964844,96686,0.0,0.0,12971494400,-0.018,-0.56,,0.00899,10.225,,,,106688.08,0.9062493204489198,0.37845272060965524,,False
2024-08-28 00:00:00+05:30,381.6000061035156,381.6000061035156,373.0,374.1499938964844,52448,0.0,0.0,12971494400,-0.018,-0.56,,0.00899,10.225,,,,106320.5,0.4933009156277482,0.37855858363109446,,False
2024-08-29 00:00:00+05:30,377.8999938964844,377.8999938964844,367.79998779296875,368.70001220703125,78516,0.0,0.0,12971494400,-0.018,-0.56,,0.00899,10.225,,,,97914.8,0.8018808188343335,0.37935703680675714,,False
2024-08-30 00:00:00+05:30,369.6499938964844,373.79998779296875,367.20001220703125,371.6000061035156,37313,0.0,0.0,12971494400,-0.018,-0.56,,0.00899,10.225,,,,96441.88,0.3868962322177875,0.3816612157027181,,False
2024-09-02 00:00:00+05:30,377.1000061035156,377.1000061035156,368.1499938964844,369.95001220703125,60519,0.0,0.0,12971494400,-0.018,-0.56,,0.00899,10.225,,,,96426.2,0.6276198792444377,0.3811683589962156,,False
2024-09-03 00:00:00+05:30,368.75,373.54998779296875,365.95001220703125,369.6499938964844,49394,0.0,0.0,12971494400,-0.018,-0.56,,0.00899,10.225,,,,96161.76,0.5136553241122043,0.376539768118799,,False
2024-09-04 00:00:00+05:30,369.0,373.79998779296875,366.1000061035156,371.6499938964844,45981,0.0,0.0,12971494400,-0.018,-0.56,,0.00899,10.225,,,,94291.78,0.4876459008409853,0.37810534600949136,,False
2024-09-05 00:00:00+05:30,373.79998779296875,382.3500061035156,371.8999938964844,378.6000061035156,67486,0.0,0.0,12971494400,-0.018,-0.56,,0.00899,10.225,,,,94129.74,0.7169466313197083,0.3860954016041284,,False
2024-09-06 00:00:00+05:30,382.25,382.25,372.95001220703125,374.6499938964844,52719,0.0,0.0,12971494400,-0.018,-0.56,,0.00899,10.225,,,,93894.64,0.5614697494979479,0.38688741724998993,,False
2024-09-09 00:00:00+05:30,376.5,378.0,368.20001220703125,369.8999938964844,46560,0.0,0.0,12971494400,-0.018,-0.56,,0.00899,10.225,,,,93428.06,0.498351351831559,0.35813678899821055,,False
2024-09-10 00:00:00+05:30,371.0,379.0,369.8999938964844,371.8500061035156,60160,0.0,0.0,12971494400,-0.018,-0.56,,0.00899,10.225,,,,86496.6,0.6955186677857857,0.2079917922865359,,False
2024-09-11 00:00:00+05:30,371.8500061035156,376.79998779296875,363.95001220703125,366.75,59156,0.0,0.0,12971494400,-0.018,-0.56,,0.00899,10.225,,,,84821.2,0.6974199846264849,0.17485611797886216,,False
2024-09-12 00:00:00+05:30,369.70001220703125,370.5,364.8500061035156,367.1000061035156,48006,0.0,0.0,12971494400,-0.018,-0.56,,0.00899,10.225,,,,84406.26,0.5687492847094516,0.17013067346794128,,False
2024-09-13 00:00:00+05:30,370.70001220703125,373.0,366.1499938964844,370.3500061035156,46506,0.0,0.0,12971494400,-0.018,-0.56,,0.00899,10.225,,,,84489.66,0.550434218814468,0.17188410554225522,,False
2024-09-16 00:00:00+05:30,371.0,378.29998779296875,369.75,374.5,55598,0.0,0.0,12971494400,-0.018,-0.56,,0.00899,10.225,,,,84366.56,0.659005179303269,0.16428428081106955,,False
2024-09-17 00:00:00+05:30,378.25,381.70001220703125,371.1000061035156,371.8999938964844,36555,0.0,0.0,12971494400,-0.018,-0.56,,0.00899,10.225,,,,82644.18,0.44231789824764434,0.16182209101978776,,False
2024-09-18 00:00:00+05:30,370.79998779296875,373.0,368.95001220703125,370.54998779296875,40777,0.0,0.0,12971494400,-0.018,-0.56,,0.00899,10.225,,,,80980.72,0.5035396079461877,0.16178936875007385,,False
2024-09-19 00:00:00+05:30,370.54998779296875,373.1000061035156,355.54998779296875,356.6499938964844,96516,0.0,0.0,12971494400,-0.018,-0.56,,0.00899,10.225,,,,82083.36,1.175829059629138,0.20866376262289457,,False
2024-09-20 00:00:00+05:30,359.5,359.6000061035156,348.8999938964844,354.45001220703125,95729,0.0,0.0,12971494400,-0.018,-0.56,,0.00899,10.225,,,,83116.52,1.1517445629340592,0.1918424932271471,0.5780804013597655,False
2024-09-23 00:00:00+05:30,359.3999938964844,364.0,355.0,360.1499938964844,81661,0.0,0.0,12971494400,-0.018,-0.56,,0.00899,10.225,-0.1872955007179533,,,83072.36,0.9830104742419741,0.2015613026889796,0.5873766281598869,False
2024-09-24 00:00:00+05:30,363.6499938964844,363.6499938964844,354.95001220703125,356.1000061035156,47773,0.0,0.0,12971494400,-0.018,-0.56,,0.00899,10.225,-0.2031774200784634,,,82978.5,0.575727447471333,0.2041108448405808,0.5807714130710692,False
2024-09-25 00:00:00+05:30,356.0,361.04998779296875,351.04998779296875,359.3500061035156,59737,0.0,0.0,12971494400,-0.018,-0.56,,0.00899,10.225,-0.18459270217877632,,,83624.56,0.7143475553115018,0.20806098992242592,0.5860719102913143,False
2024-09-26 00:00:00+05:30,362.95001220703125,394.70001220703125,362.8999938964844,377.6499938964844,699819,0.0,0.0,12971494400,-0.018,-0.56,,0.00899,10.225,-0.16513763943652282,,,96930.22,7.219822672433839,0.2745661176532219,0.6159177670381302,False
2024-09-27 00:00:00+05:30,375.20001220703125,385.6499938964844,374.0,380.6000061035156,96008,0.0,0.0,12971494400,-0.018,-0.56,,0.00899,10.225,-0.14968721869164814,,,98060.64,0.9790676463053882,0.2745491776397672,0.6207290075006097,False
2024-09-30 00:00:00+05:30,382.0,398.0,372.1499938964844,394.3500061035156,282379,0.0,0.0,12971494400,-0.018,-0.56,,0.00899,10.225,-0.12327697464272791,,,102882.3,2.7446800858845495,0.299825028230344,0.6431541880478008,False
2024-10-01 00:00:00+05:30,394.5,401.0,393.54998779296875,397.54998779296875,98914,0.0,0.0,12971494400,-0.018,-0.56,,0.00899,10.225,-0.11655558268229171,,,103955.18,0.9515062164290419,0.2998495417233629,0.6483731092938875,False
2024-10-03 00:00:00+05:30,391.54998779296875,393.45001220703125,378.8500061035156,384.54998779296875,99728,0.0,0.0,12971494400,-0.018,-0.56,,0.00899,10.225,-0.14601377255695025,,,101746.46,0.9801618650909328,0.3264893077481579,0.6271711204129068,False
2024-10-04 00:00:00+05:30,384.0,388.8999938964844,374.0,378.1499938964844,57351,0.0,0.0,12971494400,-0.018,-0.56,,0.00899,10.225,-0.16651976256961631,,,101419.5,0.5654829692514753,0.32648202158429096,0.6167332281489372,False
2024-10-07 00:00:00+05:30,375.0,384.8999938964844,357.3999938964844,364.20001220703125,77056,0.0,0.0,12971494400,-0.018,-0.56,,0.00899,10.225,-0.19084646241201952,,,101437.78,0.7596380756755521,0.35047181905408686,0.593981893020501,False
2024-10-08 00:00:00+05:30,366.29998779296875,373.70001220703125,363.3500061035156,370.45001220703125,27709,0.0,0.0,12971494400,-0.018,-0.56,,0.00899,10.225,-0.2038469333210905,,,100381.44,0.2760370841462326,0.35348287052822785,0.6041751569055879,False
2024-10-09 00:00:00+05:30,371.0,377.8999938964844,371.0,373.25,25093,0.0,0.0,12971494400,-0.018,-0.56,,0.00899,10.225,-0.21305079146887296,,,99780.7,0.2514814989271472,0.3540014404656497,0.6087417192173883,True
2024-10-10 00:00:00+05:30,375.95001220703125,380.0,373.25,379.3999938964844,22659,0.0,0.0,12971494400,-0.018,-0.56,,0.00899,10.225,-0.21376022485931434,,,99005.56,0.22886593439802774,0.35423033849689783,0.6187718809259545,True
2024-10-11 00:00:00+05:30,383.6000061035156,384.3500061035156,370.0,372.75,26304,0.0,0.0,12971494400,-0.018,-0.56,,0.00899,10.225,-0.2594616162111604,,,98522.86,0.2669837233714084,0.3609196528026582,0.6079262581065813,True
2024-10-14 00:00:00+05:30,372.95001220703125,375.3999938964844,368.0,370.3999938964844,26196,0.0,0.0,12971494400,-0.018,-0.56,,0.00899,10.225,-0.23001766282988712,,,97355.6,0.2690754306891437,0.360560664052626,0.6040935809314294,True
2024-10-15 00:00:00+05:30,372.04998779296875,374.1499938964844,366.54998779296875,368.54998779296875,19529,0.0,0.0,12971494400,-0.018,-0.56,,0.00899,10.225,-0.24785716776945155,,,96723.92,0.2019045547368221,0.35861313378184356,0.6010763648670844,True
2024-10-16 00:00:00+05:30,365.1000061035156,376.70001220703125,365.1000061035156,369.20001220703125,41914,0.0,0.0,12971494400,-0.018,-0.56,,0.00899,10.225,-0.24344259793641132,,,96449.46,0.43456956627854626,0.3578884446537865,0.6021365041285704,True
2024-10-17 00:00:00+05:30,370.0,371.3999938964844,363.20001220703125,364.20001220703125,27016,0.0,0.0,12971494400,-0.018,-0.56,,0.00899,10.225,-0.31618469977142183,,,95707.08,0.28227796731443483,0.360893751110019,0.593981893020501,True
2024-10-18 00:00:00+05:30,364.20001220703125,367.1499938964844,356.6499938964844,363.1499938964844,22976,0.0,0.0,12971494400,-0.018,-0.56,,0.00899,10.225,-0.3108454588026315,,,94646.92,0.242754861964869,0.3338636947866329,0.5922693948247286,True
2024-10-21 00:00:00+05:30,367.75,367.75,355.0,355.79998779296875,27823,0.0,0.0,12971494400,-0.018,-0.56,,0.00899,10.225,-0.3283624581539052,,,90473.68,0.3075259014555394,0.34158061509213217,0.5802821065415071,True
2024-10-22 00:00:00+05:30,359.0,359.0,337.79998779296875,339.0,77073,0.0,0.0,12971494400,-0.018,-0.56,,0.00899,10.225,-0.3485153917451985,,,89736.8,0.8588784088579045,0.375295596966874,0.5528826331271122,True
2024-10-23 00:00:00+05:30,341.5,349.0,332.29998779296875,340.54998779296875,37829,0.0,0.0,12971494400,-0.018,-0.56,,0.00899,10.225,-0.35256656313123813,,,82926.28,0.45617625679097146,0.3747497283340215,0.5554105426618952,True
2024-10-24 00:00:00+05:30,341.1000061035156,342.6499938964844,336.54998779296875,338.3500061035156,23134,0.0,0.0,12971494400,-0.018,-0.56,,0.00899,10.225,-0.34750744563009806,,,80391.26,0.2877676006073297,0.37270957276205563,0.5518225436374224,True
2024-10-25 00:00:00+05:30,339.04998779296875,342.0,324.04998779296875,337.54998779296875,51683,0.0,0.0,12971494400,-0.018,-0.56,,0.00899,10.225,-0.36239143893775316,,,80244.88,0.6440660139313561,0.3143679100930624,0.5505177759970535,True
2024-10-28 00:00:00+05:30,340.54998779296875,341.8999938964844,328.6499938964844,339.3999938964844,32622,0.0,0.0,12971494400,-0.018,-0.56,,0.00899,10.225,-0.3532774356115722,,,77712.44,0.41977835208880326,0.31317444578597015,0.5535349920613984,True
2024-10-29 00:00:00+05:30,346.6499938964844,347.70001220703125,334.0,342.25,40978,0.0,0.0,12971494400,-0.018,-0.56,,0.00899,10.225,-0.34603990452694633,,,75756.28,0.5409188518760425,0.2777198052190512,0.5581831303473573,True
2024-10-30 00:00:00+05:30,342.3500061035156,357.5,341.54998779296875,350.45001220703125,40907,0.0,0.0,12971494400,-0.018,-0.56,,0.00899,10.225,-0.3253441063211364,,,75518.46,0.5416821264628542,0.2942910406474109,0.5715567124733099,False
2024-10-31 00:00:00+05:30,352.1499938964844,357.0,348.54998779296875,354.1499938964844,17222,0.0,0.0,12971494400,-0.018,-0.56,,0.00899,10.225,-0.30545205307772383,,,74266.3,0.23189522030853832,0.282284854278763,0.5775910948302035,False
2024-11-01 00:00:00+05:30,354.1499938964844,354.1499938964844,354.1499938964844,354.1499938964844,0,0.0,0.0,12971494400,-0.018,-0.56,,0.00899,10.225,-0.24472169224496199,,,71915.14,0.0,0.2785216260363696,0.5775910948302035,False
2024-11-04 00:00:00+05:30,357.6000061035156,357.6000061035156,347.29998779296875,351.70001220703125,16038,0.0,0.0,12971494400,-0.018,-0.56,,0.00899,10.225,-0.22991021938576472,,,68876.04,0.23285310827974431,0.24909476862339303,0.5735953652503273,False
2024-11-05 00:00:00+05:30,356.0,358.1000061035156,348.20001220703125,354.8999938964844,20139,0.0,0.0,12971494400,-0.018,-0.56,,0.00899,10.225,-0.23015185705751762,,,67037.9,0.3004121549153539,0.2425888159810389,0.578814286496414,False
2024-11-06 00:00:00+05:30,356.20001220703125,361.95001220703125,353.20001220703125,358.45001220703125,19854,0.0,0.0,12971494400,-0.018,-0.56,,0.00899,10.225,-0.24233775611365904,,,65501.26,0.30310867302399985,0.2440211813994697,0.5846040902462211,False
2024-11-07 00:00:00+05:30,360.04998779296875,360.04998779296875,346.29998779296875,351.1499938964844,61622,0.0,0.0,12971494400,-0.018,-0.56,,0.00899,10.225,-0.2640679065529552,,,65684.74,0.9381478864040567,0.24224473526495707,0.5726983281653618,False
2024-11-08 00:00:00+05:30,352.1000061035156,352.1000061035156,337.6000061035156,339.3999938964844,50071,0.0,0.0,12971494400,-0.018,-0.56,,0.00899,10.225,-0.285398494213451,,,65115.84,0.7689526849381042,0.26020210516123227,0.5535349920613984,False
